{
	"name": "healthEstimate",
	"title": "Health Estimate",
	"description": "Gives players ability to see approximate health status of a token",
	"version": "2.1.0",
	"author": "Shylight",
	"scripts": [
		"./lib/chroma.min.js",
		"./lib/color-picker.min.js",
		"./lib/grapick.min.js",
		"./lib/spectrum.min.js"
	],
	"esmodules": [
		"./healthEstimate.js"
	],
	"styles": [
		"./healthEstimate.css",
		"./lib/spectrum.min.css"
	],
	"packs": [
		{
			"name": "deathmacro",
			"label": "Death macro",
			"path": "./packs/macros.db",
			"module": "healthEstimate",
			"entity": "Macro"
		}
	],
	"languages": [
		{
			"lang": "en",
			"name": "English",
			"path": "./lang/en.json"
		},
		{
			"lang": "ru",
			"name": "Русский (Russian)",
			"path": "./lang/ru.json"
		},
		{
			"lang": "ko",
			"name": "한국어 (Korean)",
			"path": "./lang/ko.json"
		},
		{
			"lang": "fr",
			"name": "Français (French)",
			"path": "./lang/fr.json"
		}
	],
	"systems": [
		"archmage",
		"dungeonworld",
		"fate",
		"lancer",
		"numenera",
		"pf1",
		"pf2e",
		"ryuutama",
		"shadowrun5e",
		"swade",
		"symbaroum",
		"wfrp4e",
		"worldbuilding",
		"starfinder",
		"dnd5e",
		"blades-in-the-dark"
	],
	"minimumCoreVersion": "0.5.0",
	"compatibleCoreVersion": "0.7.6",
	"url": "https://github.com/Shylight/healthEstimate",
	"manifest": "https://raw.githubusercontent.com/Shylight/healthEstimate/master/src/module.json",
	"download": "https://raw.githubusercontent.com/Shylight/healthEstimate/2.1.0/package/healthEstimate-v2.1.0.zip",
	"license": "https://choosealicense.com/licenses/mit/"
}