{
  "name": "healthEstimate",
  "title": "Health Estimate",
  "description": "Gives players ability to see approximate health status of a token",
  "version": "0.1.1",
  "author": "Shylight",
  "scripts": [],
  "esmodules": [
    "healthEstimate.js"
  ],
  "styles": ["healthEstimate.css"],
  "packs": [],
  "languages": [
    {
      "lang": "en",
      "name": "English",
      "path": "lang/en.json"
    }
  ],
  "minimumCoreVersion": "0.5.0",
  "compatibleCoreVersion": "0.5.5",
  "url": "https://gitlab.com/tsuki.no.mai/healthestimate",
  "manifest": "https://gitlab.com/tsuki.no.mai/healthestimate/-/raw//master/src/module.json",
  "download": "https://gitlab.com/tsuki.no.mai/healthestimate/-/raw//v0.1.1/package/healthEstimate-v0.1.1.zip",
  "license": "",
  "readme": "",
  "bugs": "",
  "changelog": ""
}