{
	"name": "healthEstimate",
	"title": "Health Estimate",
	"description": "Gives players ability to see approximate health status of a token",
	"version": "1.3.2",
	"author": "Shylight",
	"scripts": [
		"./lib/chroma.min.js"
	],
	"esmodules": [
		"./healthEstimate.js"
	],
	"styles": [
		"./healthEstimate.css"
	],
	"packs": [
		{
			"name": "deathmacro",
			"label": "Death macro",
			"path": "./packs/macros.db",
			"module": "healthEstimate",
			"entity": "Macro"
		}
	],
	"languages": [
		{
			"lang": "en",
			"name": "English",
			"path": "./lang/en.json"
		},
		{
			"lang": "ru",
			"name": "Русский (Russian)",
			"path": "./lang/ru.json"
		},
		{
			"lang": "ko",
			"name": "한국어 (Korean)",
			"path": "./lang/ko.json"
		}
	],
	"systems": [
		"archmage",
		"dungeonworld",
		"fate",
		"numenera",
		"pf1",
		"pf2e",
		"ryuutama",
		"shadowrun5e",
		"swade",
		"symbaroum",
		"wfrp4e",
		"worldbuilding",
		"starfinder",
		"dnd5e",
		"blades-in-the-dark"
	],
	"minimumCoreVersion": "0.5.0",
	"compatibleCoreVersion": "0.6.0",
	"url": "https://gitlab.com/tsuki.no.mai/healthestimate",
	"manifest": "https://gitlab.com/tsuki.no.mai/healthestimate/-/raw/master/src/module.json",
	"download": "https://gitlab.com/tsuki.no.mai/healthestimate/-/raw/1.3.2/package/healthEstimate-v1.3.2.zip",
	"license": "http://creativecommons.org/licenses/by/4.0/"
}